-- Credit card accounts
INSERT INTO account (id, credit_card_number, credit_card_type, balance, spending_limit)
VALUES (1, '4532-1234-5678-9123', 'Visa', 5000, 10000);
INSERT INTO account (id, credit_card_number, credit_card_type, balance, spending_limit)
VALUES (2, '4916-8765-4321-1234', 'MasterCard', 3000, 8000);
INSERT INTO account (id, credit_card_number, credit_card_type, balance, spending_limit)
VALUES (3, '4012-3456-7890-1234', 'Visa', 7500, 15000);
INSERT INTO account (id, credit_card_number, credit_card_type, balance, spending_limit)
VALUES (4, '6011-2345-6789-3456', 'Discover', 2500, 5000);
INSERT INTO account (id, credit_card_number, credit_card_type, balance, spending_limit)
VALUES (5, '3782-8246-3100-1234', 'AmEx', 2000, 10000);
INSERT INTO account (id, credit_card_number, credit_card_type, balance, spending_limit)
VALUES (6, '6011-1111-2222-3333', 'Discover', 8000, 12000);
INSERT INTO account (id, credit_card_number, credit_card_type, balance, spending_limit)
VALUES (7, '4111-2222-3333-4444', 'Visa', 1000, 4000);
INSERT INTO account (id, credit_card_number, credit_card_type, balance, spending_limit)
VALUES (8, '5500-0000-0000-0004', 'MasterCard', 3000, 9000);
INSERT INTO account (id, credit_card_number, credit_card_type, balance, spending_limit)
VALUES (9, '3400-0000-0000-009', 'AmEx', 500, 2000);
INSERT INTO account (id, credit_card_number, credit_card_type, balance, spending_limit)
VALUES (10, '6011-1234-5678-9876', 'Discover', 1500, 7000);
INSERT INTO account (id, credit_card_number, credit_card_type, balance, spending_limit)
VALUES (11, '4539-8765-4321-5678', 'Visa', 6000, 12000);
INSERT INTO account (id, credit_card_number, credit_card_type, balance, spending_limit)
VALUES (12, '4929-8765-4321-8888', 'MasterCard', 2000, 6000);
INSERT INTO account (id, credit_card_number, credit_card_type, balance, spending_limit)
VALUES (13, '4111-5678-1234-8765', 'Visa', 4000, 10000);
INSERT INTO account (id, credit_card_number, credit_card_type, balance, spending_limit)
VALUES (14, '6011-8888-9999-7777', 'Discover', 7000, 15000);
INSERT INTO account (id, credit_card_number, credit_card_type, balance, spending_limit)
VALUES (15, '3728-1111-1111-222', 'AmEx', 3000, 8000);
INSERT INTO account (id, credit_card_number, credit_card_type, balance, spending_limit)
VALUES (16, '4916-6543-3210-0987', 'MasterCard', 9000, 15000);
INSERT INTO account (id, credit_card_number, credit_card_type, balance, spending_limit)
VALUES (17, '4532-9999-0000-1111', 'Visa', 10000, 20000);
INSERT INTO account (id, credit_card_number, credit_card_type, balance, spending_limit)
VALUES (18, '6011-4444-5555-6666', 'Discover', 5000, 10000);
INSERT INTO account (id, credit_card_number, credit_card_type, balance, spending_limit)
VALUES (19, '3782-8765-4321-2345', 'AmEx', 800, 5000);
INSERT INTO account (id, credit_card_number, credit_card_type, balance, spending_limit)
VALUES (20, '4111-4321-5678-1234', 'Visa', 200, 4000);
INSERT INTO account (id, credit_card_number, credit_card_type, balance, spending_limit)
VALUES (21, '5500-7777-8888-9999', 'MasterCard', 4500, 9000);
INSERT INTO account (id, credit_card_number, credit_card_type, balance, spending_limit)
VALUES (22, '6011-2222-3333-4444', 'Discover', 3200, 8000);
INSERT INTO account (id, credit_card_number, credit_card_type, balance, spending_limit)
VALUES (23, '4532-2345-6789-9999', 'Visa', 5000, 15000);
INSERT INTO account (id, credit_card_number, credit_card_type, balance, spending_limit)
VALUES (24, '4929-1234-4567-7890', 'MasterCard', 7000, 14000);
INSERT INTO account (id, credit_card_number, credit_card_type, balance, spending_limit)
VALUES (25, '6011-3456-6789-0123', 'Discover', 3000, 6000);
INSERT INTO account (id, credit_card_number, credit_card_type, balance, spending_limit)
VALUES (26, '3782-3333-4444-555', 'AmEx', 1200, 4000);
INSERT INTO account (id, credit_card_number, credit_card_type, balance, spending_limit)
VALUES (27, '4111-6789-1234-2222', 'Visa', 6000, 11000);
INSERT INTO account (id, credit_card_number, credit_card_type, balance, spending_limit)
VALUES (28, '5500-2222-3333-1111', 'MasterCard', 7500, 20000);
INSERT INTO account (id, credit_card_number, credit_card_type, balance, spending_limit)
VALUES (29, '6011-5678-8765-4321', 'Discover', 9000, 14000);
INSERT INTO account (id, credit_card_number, credit_card_type, balance, spending_limit)
VALUES (30, '3400-8765-2222-111', 'AmEx', 300, 1500);
INSERT INTO account (id, credit_card_number, credit_card_type, balance, spending_limit)
VALUES (31, '4532-9876-5432-1111', 'Visa', 2400, 8000);
INSERT INTO account (id, credit_card_number, credit_card_type, balance, spending_limit)
VALUES (32, '4929-4321-1111-4444', 'MasterCard', 1500, 5000);
INSERT INTO account (id, credit_card_number, credit_card_type, balance, spending_limit)
VALUES (33, '6011-8765-4321-6543', 'Discover', 2000, 7000);
INSERT INTO account (id, credit_card_number, credit_card_type, balance, spending_limit)
VALUES (34, '3782-5678-9999-111', 'AmEx', 900, 3500);
INSERT INTO account (id, credit_card_number, credit_card_type, balance, spending_limit)
VALUES (35, '4111-3333-2222-4444', 'Visa', 1000, 4000);
INSERT INTO account (id, credit_card_number, credit_card_type, balance, spending_limit)
VALUES (36, '5500-0000-2222-6666', 'MasterCard', 5000, 15000);
INSERT INTO account (id, credit_card_number, credit_card_type, balance, spending_limit)
VALUES (37, '6011-4444-9999-1111', 'Discover', 6200, 12000);
INSERT INTO account (id, credit_card_number, credit_card_type, balance, spending_limit)
VALUES (38, '4539-1234-8765-6543', 'Visa', 300, 1200);
INSERT INTO account (id, credit_card_number, credit_card_type, balance, spending_limit)
VALUES (39, '4929-8765-3333-9999', 'MasterCard', 7000, 11000);
INSERT INTO account (id, credit_card_number, credit_card_type, balance, spending_limit)
VALUES (40, '6011-8888-7777-6666', 'Discover', 4500, 10000);

-- Customers with customer account associations
INSERT INTO customer (id, name) VALUES (1, 'John Smith');
INSERT INTO customer (id, name) VALUES (2, 'Jane Smith');
INSERT INTO customer_account (customer_id, account_id) VALUES (1, 1);
INSERT INTO customer_account (customer_id, account_id) VALUES (1, 2);
INSERT INTO customer_account (customer_id, account_id) VALUES (2, 2);
INSERT INTO customer_account (customer_id, account_id) VALUES (1, 3);
INSERT INTO customer_account (customer_id, account_id) VALUES (2, 3);
INSERT INTO customer_account (customer_id, account_id) VALUES (2, 4);

INSERT INTO customer (id, name) VALUES (3, 'Michael Johnson');
INSERT INTO customer (id, name) VALUES (4, 'Emily Johnson');
INSERT INTO customer_account (customer_id, account_id) VALUES (3, 5);
INSERT INTO customer_account (customer_id, account_id) VALUES (3, 6);
INSERT INTO customer_account (customer_id, account_id) VALUES (4, 6);
INSERT INTO customer_account (customer_id, account_id) VALUES (3, 7);
INSERT INTO customer_account (customer_id, account_id) VALUES (4, 7);
INSERT INTO customer_account (customer_id, account_id) VALUES (4, 8);

INSERT INTO customer (id, name) VALUES (5, 'David Brown');
INSERT INTO customer (id, name) VALUES (6, 'Sarah Brown');
INSERT INTO customer_account (customer_id, account_id) VALUES (5, 9);
INSERT INTO customer_account (customer_id, account_id) VALUES (5, 10);
INSERT INTO customer_account (customer_id, account_id) VALUES (6, 10);
INSERT INTO customer_account (customer_id, account_id) VALUES (5, 11);
INSERT INTO customer_account (customer_id, account_id) VALUES (6, 11);
INSERT INTO customer_account (customer_id, account_id) VALUES (6, 12);

INSERT INTO customer (id, name) VALUES (7, 'James Taylor');
INSERT INTO customer (id, name) VALUES (8, 'Laura Taylor');
INSERT INTO customer_account (customer_id, account_id) VALUES (7, 13);
INSERT INTO customer_account (customer_id, account_id) VALUES (7, 14);
INSERT INTO customer_account (customer_id, account_id) VALUES (8, 14);
INSERT INTO customer_account (customer_id, account_id) VALUES (7, 15);
INSERT INTO customer_account (customer_id, account_id) VALUES (8, 15);
INSERT INTO customer_account (customer_id, account_id) VALUES (8, 16);

INSERT INTO customer (id, name) VALUES (9, 'Robert Wilson');
INSERT INTO customer (id, name) VALUES (10, 'Anna Wilson');
INSERT INTO customer_account (customer_id, account_id) VALUES (9, 17);
INSERT INTO customer_account (customer_id, account_id) VALUES (9, 18);
INSERT INTO customer_account (customer_id, account_id) VALUES (10, 18);
INSERT INTO customer_account (customer_id, account_id) VALUES (9, 19);
INSERT INTO customer_account (customer_id, account_id) VALUES (10, 19);
INSERT INTO customer_account (customer_id, account_id) VALUES (10, 20);

INSERT INTO customer (id, name) VALUES (11, 'Chris Davis');
INSERT INTO customer (id, name) VALUES (12, 'Jessica Davis');
INSERT INTO customer_account (customer_id, account_id) VALUES (11, 21);
INSERT INTO customer_account (customer_id, account_id) VALUES (11, 22);
INSERT INTO customer_account (customer_id, account_id) VALUES (12, 22);
INSERT INTO customer_account (customer_id, account_id) VALUES (11, 23);
INSERT INTO customer_account (customer_id, account_id) VALUES (12, 23);
INSERT INTO customer_account (customer_id, account_id) VALUES (12, 24);

INSERT INTO customer (id, name) VALUES (13, 'Andrew Lee');
INSERT INTO customer (id, name) VALUES (14, 'Rachel Lee');
INSERT INTO customer_account (customer_id, account_id) VALUES (13, 25);
INSERT INTO customer_account (customer_id, account_id) VALUES (13, 26);
INSERT INTO customer_account (customer_id, account_id) VALUES (14, 26);
INSERT INTO customer_account (customer_id, account_id) VALUES (13, 27);
INSERT INTO customer_account (customer_id, account_id) VALUES (14, 27);
INSERT INTO customer_account (customer_id, account_id) VALUES (14, 28);

INSERT INTO customer (id, name) VALUES (15, 'Paul Harris');
INSERT INTO customer (id, name) VALUES (16, 'Olivia Harris');
INSERT INTO customer_account (customer_id, account_id) VALUES (15, 29);
INSERT INTO customer_account (customer_id, account_id) VALUES (15, 30);
INSERT INTO customer_account (customer_id, account_id) VALUES (16, 30);
INSERT INTO customer_account (customer_id, account_id) VALUES (15, 31);
INSERT INTO customer_account (customer_id, account_id) VALUES (16, 31);
INSERT INTO customer_account (customer_id, account_id) VALUES (16, 32);

INSERT INTO customer (id, name) VALUES (17, 'Ethan Martinez');
INSERT INTO customer (id, name) VALUES (18, 'Sophia Martinez');
INSERT INTO customer_account (customer_id, account_id) VALUES (17, 33);
INSERT INTO customer_account (customer_id, account_id) VALUES (17, 34);
INSERT INTO customer_account (customer_id, account_id) VALUES (18, 34);
INSERT INTO customer_account (customer_id, account_id) VALUES (17, 35);
INSERT INTO customer_account (customer_id, account_id) VALUES (18, 35);
INSERT INTO customer_account (customer_id, account_id) VALUES (18, 36);

INSERT INTO customer (id, name) VALUES (19, 'Benjamin Clark');
INSERT INTO customer (id, name) VALUES (20, 'Emma Clark');
INSERT INTO customer_account (customer_id, account_id) VALUES (19, 37);
INSERT INTO customer_account (customer_id, account_id) VALUES (19, 38);
INSERT INTO customer_account (customer_id, account_id) VALUES (20, 38);
INSERT INTO customer_account (customer_id, account_id) VALUES (19, 39);
INSERT INTO customer_account (customer_id, account_id) VALUES (20, 39);
INSERT INTO customer_account (customer_id, account_id) VALUES (20, 40);

-- Credit card transactions
INSERT INTO transaction (id, account_id, amount, description, timestamp) VALUES (1, 23, 1708.45, 'Grocery Purchase', '2024-06-13 04:34:33');
INSERT INTO transaction (id, account_id, amount, description, timestamp) VALUES (2, 15, 1617.71, 'Online Shopping', '2024-09-24 04:34:33');
INSERT INTO transaction (id, account_id, amount, description, timestamp) VALUES (3, 4, 1140.59, 'Hotel Stay', '2024-10-03 04:34:33');
INSERT INTO transaction (id, account_id, amount, description, timestamp) VALUES (4, 27, 905.46, 'Utility Bill', '2024-09-20 04:34:33');
INSERT INTO transaction (id, account_id, amount, description, timestamp) VALUES (5, 18, 820.0, 'Movie Tickets', '2024-08-31 04:34:33');
INSERT INTO transaction (id, account_id, amount, description, timestamp) VALUES (6, 22, 504.15, 'Electronics Purchase', '2024-08-10 04:34:33');
INSERT INTO transaction (id, account_id, amount, description, timestamp) VALUES (7, 15, 1813.57, 'Health Checkup', '2024-05-28 04:34:33');
INSERT INTO transaction (id, account_id, amount, description, timestamp) VALUES (8, 35, 662.74, 'Pharmacy', '2024-07-13 04:34:33');
INSERT INTO transaction (id, account_id, amount, description, timestamp) VALUES (9, 40, 1956.24, 'Movie Tickets', '2024-09-10 04:34:33');
INSERT INTO transaction (id, account_id, amount, description, timestamp) VALUES (10, 23, 671.19, 'Fuel', '2024-06-18 04:34:33');
INSERT INTO transaction (id, account_id, amount, description, timestamp) VALUES (11, 32, 1989.16, 'Hotel Stay', '2024-09-01 04:34:33');
INSERT INTO transaction (id, account_id, amount, description, timestamp) VALUES (12, 40, 506.75, 'Fuel', '2024-11-07 04:34:33');
INSERT INTO transaction (id, account_id, amount, description, timestamp) VALUES (13, 28, 1597.8, 'Restaurant Payment', '2024-05-24 04:34:33');
INSERT INTO transaction (id, account_id, amount, description, timestamp) VALUES (14, 6, 697.13, 'Clothing Store', '2024-06-18 04:34:33');
INSERT INTO transaction (id, account_id, amount, description, timestamp) VALUES (15, 26, 381.7, 'Travel Booking', '2024-08-20 04:34:33');
INSERT INTO transaction (id, account_id, amount, description, timestamp) VALUES (16, 18, 571.48, 'Travel Booking', '2024-09-26 04:34:33');
INSERT INTO transaction (id, account_id, amount, description, timestamp) VALUES (17, 14, 1906.8, 'Gym Membership', '2024-08-17 04:34:33');
INSERT INTO transaction (id, account_id, amount, description, timestamp) VALUES (18, 20, 1496.83, 'Grocery Purchase', '2024-11-05 04:34:33');
INSERT INTO transaction (id, account_id, amount, description, timestamp) VALUES (19, 6, 1572.02, 'Pharmacy', '2024-06-29 04:34:33');
INSERT INTO transaction (id, account_id, amount, description, timestamp) VALUES (20, 10, 1974.98, 'Gym Membership', '2024-06-15 04:34:33');
INSERT INTO transaction (id, account_id, amount, description, timestamp) VALUES (21, 4, 461.01, 'Electronics Purchase', '2024-07-31 04:34:33');
INSERT INTO transaction (id, account_id, amount, description, timestamp) VALUES (22, 28, 1382.83, 'Fuel', '2024-10-06 04:34:33');
INSERT INTO transaction (id, account_id, amount, description, timestamp) VALUES (23, 13, 897.16, 'Utility Bill', '2024-06-07 04:34:33');
INSERT INTO transaction (id, account_id, amount, description, timestamp) VALUES (24, 11, 793.96, 'Travel Booking', '2024-09-28 04:34:33');
INSERT INTO transaction (id, account_id, amount, description, timestamp) VALUES (25, 14, 1064.41, 'Utility Bill', '2024-11-13 04:34:33');
INSERT INTO transaction (id, account_id, amount, description, timestamp) VALUES (26, 31, 351.13, 'Electronics Purchase', '2024-09-06 04:34:33');
INSERT INTO transaction (id, account_id, amount, description, timestamp) VALUES (27, 40, 1438.98, 'Restaurant Payment', '2024-07-17 04:34:33');
INSERT INTO transaction (id, account_id, amount, description, timestamp) VALUES (28, 40, 1018.8, 'Travel Booking', '2024-09-18 04:34:33');
INSERT INTO transaction (id, account_id, amount, description, timestamp) VALUES (29, 25, 361.87, 'Electronics Purchase', '2024-09-22 04:34:33');
INSERT INTO transaction (id, account_id, amount, description, timestamp) VALUES (30, 5, 1127.93, 'Movie Tickets', '2024-06-04 04:34:33');
INSERT INTO transaction (id, account_id, amount, description, timestamp) VALUES (31, 15, 1291.7, 'Movie Tickets', '2024-08-17 04:34:33');
INSERT INTO transaction (id, account_id, amount, description, timestamp) VALUES (32, 2, 609.28, 'Pharmacy', '2024-09-06 04:34:33');
INSERT INTO transaction (id, account_id, amount, description, timestamp) VALUES (33, 1, 1003.52, 'Home Improvement', '2024-09-05 04:34:33');
INSERT INTO transaction (id, account_id, amount, description, timestamp) VALUES (34, 33, 924.74, 'Utility Bill', '2024-11-05 04:34:33');
INSERT INTO transaction (id, account_id, amount, description, timestamp) VALUES (35, 9, 348.66, 'Health Checkup', '2024-08-09 04:34:33');
INSERT INTO transaction (id, account_id, amount, description, timestamp) VALUES (36, 21, 938.59, 'Fuel', '2024-09-30 04:34:33');
INSERT INTO transaction (id, account_id, amount, description, timestamp) VALUES (37, 5, 815.69, 'Pharmacy', '2024-11-13 04:34:33');
INSERT INTO transaction (id, account_id, amount, description, timestamp) VALUES (38, 22, 306.52, 'Grocery Purchase', '2024-09-06 04:34:33');
INSERT INTO transaction (id, account_id, amount, description, timestamp) VALUES (39, 7, 868.73, 'Movie Tickets', '2024-10-16 04:34:33');
INSERT INTO transaction (id, account_id, amount, description, timestamp) VALUES (40, 11, 1565.09, 'Online Shopping', '2024-07-20 04:34:33');
INSERT INTO transaction (id, account_id, amount, description, timestamp) VALUES (41, 27, 962.92, 'Monthly Subscription', '2024-11-13 04:34:33');
INSERT INTO transaction (id, account_id, amount, description, timestamp) VALUES (42, 23, 100.18, 'Monthly Subscription', '2024-06-25 04:34:33');
INSERT INTO transaction (id, account_id, amount, description, timestamp) VALUES (43, 40, 1666.81, 'Monthly Subscription', '2024-06-25 04:34:33');
INSERT INTO transaction (id, account_id, amount, description, timestamp) VALUES (44, 8, 130.22, 'Travel Booking', '2024-09-30 04:34:33');
INSERT INTO transaction (id, account_id, amount, description, timestamp) VALUES (45, 8, 1874.56, 'Gym Membership', '2024-10-04 04:34:33');
INSERT INTO transaction (id, account_id, amount, description, timestamp) VALUES (46, 21, 1800.97, 'Gym Membership', '2024-06-09 04:34:33');
INSERT INTO transaction (id, account_id, amount, description, timestamp) VALUES (47, 29, 1737.12, 'Home Improvement', '2024-08-12 04:34:33');
INSERT INTO transaction (id, account_id, amount, description, timestamp) VALUES (48, 25, 1015.16, 'Hotel Stay', '2024-07-10 04:34:33');
INSERT INTO transaction (id, account_id, amount, description, timestamp) VALUES (49, 34, 617.38, 'Travel Booking', '2024-08-24 04:34:33');
INSERT INTO transaction (id, account_id, amount, description, timestamp) VALUES (50, 24, 1777.91, 'Electronics Purchase', '2024-10-04 04:34:33');
INSERT INTO transaction (id, account_id, amount, description, timestamp) VALUES (51, 32, 790.9, 'Pharmacy', '2024-11-09 04:34:33');
INSERT INTO transaction (id, account_id, amount, description, timestamp) VALUES (52, 14, 661.93, 'Hotel Stay', '2024-09-23 04:34:33');
INSERT INTO transaction (id, account_id, amount, description, timestamp) VALUES (53, 20, 578.36, 'Movie Tickets', '2024-06-19 04:34:33');
INSERT INTO transaction (id, account_id, amount, description, timestamp) VALUES (54, 5, 808.6, 'Home Improvement', '2024-07-10 04:34:33');
INSERT INTO transaction (id, account_id, amount, description, timestamp) VALUES (55, 22, 560.48, 'Grocery Purchase', '2024-10-26 04:34:33');
INSERT INTO transaction (id, account_id, amount, description, timestamp) VALUES (56, 26, 1816.91, 'Hotel Stay', '2024-06-10 04:34:33');
INSERT INTO transaction (id, account_id, amount, description, timestamp) VALUES (57, 14, 1167.66, 'Gym Membership', '2024-06-10 04:34:33');
INSERT INTO transaction (id, account_id, amount, description, timestamp) VALUES (58, 16, 1744.57, 'Monthly Subscription', '2024-09-12 04:34:33');
INSERT INTO transaction (id, account_id, amount, description, timestamp) VALUES (59, 23, 1517.73, 'Gym Membership', '2024-10-20 04:34:33');
INSERT INTO transaction (id, account_id, amount, description, timestamp) VALUES (60, 7, 1127.03, 'Restaurant Payment', '2024-10-18 04:34:33');
INSERT INTO transaction (id, account_id, amount, description, timestamp) VALUES (61, 38, 849.35, 'Pharmacy', '2024-07-26 04:34:33');
INSERT INTO transaction (id, account_id, amount, description, timestamp) VALUES (62, 28, 208.72, 'Movie Tickets', '2024-11-02 04:34:33');
INSERT INTO transaction (id, account_id, amount, description, timestamp) VALUES (63, 14, 1853.18, 'Grocery Purchase', '2024-10-07 04:34:33');
INSERT INTO transaction (id, account_id, amount, description, timestamp) VALUES (64, 40, 498.17, 'Travel Booking', '2024-08-31 04:34:33');
INSERT INTO transaction (id, account_id, amount, description, timestamp) VALUES (65, 12, 511.76, 'Grocery Purchase', '2024-09-06 04:34:33');
INSERT INTO transaction (id, account_id, amount, description, timestamp) VALUES (66, 36, 1799.55, 'Clothing Store', '2024-06-06 04:34:33');
INSERT INTO transaction (id, account_id, amount, description, timestamp) VALUES (67, 14, 24.35, 'Hotel Stay', '2024-06-02 04:34:33');
INSERT INTO transaction (id, account_id, amount, description, timestamp) VALUES (68, 23, 1417.38, 'Online Shopping', '2024-09-18 04:34:33');
INSERT INTO transaction (id, account_id, amount, description, timestamp) VALUES (69, 16, 168.0, 'Education Expense', '2024-06-01 04:34:33');
INSERT INTO transaction (id, account_id, amount, description, timestamp) VALUES (70, 37, 275.0, 'Movie Tickets', '2024-10-25 04:34:33');
INSERT INTO transaction (id, account_id, amount, description, timestamp) VALUES (71, 18, 1051.95, 'Clothing Store', '2024-11-03 04:34:33');
INSERT INTO transaction (id, account_id, amount, description, timestamp) VALUES (72, 31, 1261.28, 'Online Shopping', '2024-10-08 04:34:33');
INSERT INTO transaction (id, account_id, amount, description, timestamp) VALUES (73, 35, 1993.86, 'Electronics Purchase', '2024-06-06 04:34:33');
INSERT INTO transaction (id, account_id, amount, description, timestamp) VALUES (74, 39, 896.4, 'Monthly Subscription', '2024-07-29 04:34:33');
INSERT INTO transaction (id, account_id, amount, description, timestamp) VALUES (75, 27, 1348.86, 'Health Checkup', '2024-10-22 04:34:33');
INSERT INTO transaction (id, account_id, amount, description, timestamp) VALUES (76, 37, 1135.2, 'Home Improvement', '2024-08-30 04:34:33');
INSERT INTO transaction (id, account_id, amount, description, timestamp) VALUES (77, 8, 1066.07, 'Hotel Stay', '2024-06-05 04:34:33');
INSERT INTO transaction (id, account_id, amount, description, timestamp) VALUES (78, 19, 1954.91, 'Monthly Subscription', '2024-08-16 04:34:33');
INSERT INTO transaction (id, account_id, amount, description, timestamp) VALUES (79, 15, 1484.57, 'Online Shopping', '2024-08-11 04:34:33');
INSERT INTO transaction (id, account_id, amount, description, timestamp) VALUES (80, 36, 1591.86, 'Pharmacy', '2024-09-02 04:34:33');
INSERT INTO transaction (id, account_id, amount, description, timestamp) VALUES (81, 25, 871.23, 'Restaurant Payment', '2024-08-25 04:34:33');
INSERT INTO transaction (id, account_id, amount, description, timestamp) VALUES (82, 7, 1811.64, 'Travel Booking', '2024-11-13 04:34:33');
INSERT INTO transaction (id, account_id, amount, description, timestamp) VALUES (83, 7, 1522.4, 'Home Improvement', '2024-09-15 04:34:33');
INSERT INTO transaction (id, account_id, amount, description, timestamp) VALUES (84, 32, 1987.67, 'Home Improvement', '2024-07-26 04:34:33');
INSERT INTO transaction (id, account_id, amount, description, timestamp) VALUES (85, 7, 389.96, 'Clothing Store', '2024-11-07 04:34:33');
INSERT INTO transaction (id, account_id, amount, description, timestamp) VALUES (86, 16, 1158.34, 'Gym Membership', '2024-10-04 04:34:33');
INSERT INTO transaction (id, account_id, amount, description, timestamp) VALUES (87, 9, 331.49, 'Clothing Store', '2024-11-05 04:34:33');
INSERT INTO transaction (id, account_id, amount, description, timestamp) VALUES (88, 4, 178.31, 'Movie Tickets', '2024-10-18 04:34:33');
INSERT INTO transaction (id, account_id, amount, description, timestamp) VALUES (89, 36, 1285.79, 'Hotel Stay', '2024-07-26 04:34:33');
INSERT INTO transaction (id, account_id, amount, description, timestamp) VALUES (90, 9, 103.2, 'Education Expense', '2024-08-09 04:34:33');
INSERT INTO transaction (id, account_id, amount, description, timestamp) VALUES (91, 16, 1128.86, 'Fuel', '2024-08-19 04:34:33');
INSERT INTO transaction (id, account_id, amount, description, timestamp) VALUES (92, 34, 363.37, 'Online Shopping', '2024-06-17 04:34:33');
INSERT INTO transaction (id, account_id, amount, description, timestamp) VALUES (93, 18, 1000.99, 'Home Improvement', '2024-11-11 04:34:33');
INSERT INTO transaction (id, account_id, amount, description, timestamp) VALUES (94, 13, 104.78, 'Education Expense', '2024-10-21 04:34:33');
INSERT INTO transaction (id, account_id, amount, description, timestamp) VALUES (95, 18, 1489.91, 'Utility Bill', '2024-06-22 04:34:33');
INSERT INTO transaction (id, account_id, amount, description, timestamp) VALUES (96, 28, 610.27, 'Fuel', '2024-06-16 04:34:33');
INSERT INTO transaction (id, account_id, amount, description, timestamp) VALUES (97, 22, 1028.61, 'Online Shopping', '2024-09-22 04:34:33');
INSERT INTO transaction (id, account_id, amount, description, timestamp) VALUES (98, 20, 178.28, 'Hotel Stay', '2024-09-19 04:34:33');
INSERT INTO transaction (id, account_id, amount, description, timestamp) VALUES (99, 8, 1289.62, 'Health Checkup', '2024-09-10 04:34:33');
INSERT INTO transaction (id, account_id, amount, description, timestamp) VALUES (100, 2, 551.77, 'Pharmacy', '2024-07-19 04:34:33');
INSERT INTO transaction (id, account_id, amount, description, timestamp) VALUES (101, 39, 1897.89, 'Hotel Stay', '2024-05-31 04:34:33');
INSERT INTO transaction (id, account_id, amount, description, timestamp) VALUES (102, 34, 80.7, 'Movie Tickets', '2024-05-21 04:34:33');
INSERT INTO transaction (id, account_id, amount, description, timestamp) VALUES (103, 36, 390.46, 'Fuel', '2024-08-27 04:34:33');
INSERT INTO transaction (id, account_id, amount, description, timestamp) VALUES (104, 40, 290.47, 'Travel Booking', '2024-08-24 04:34:33');
INSERT INTO transaction (id, account_id, amount, description, timestamp) VALUES (105, 8, 235.03, 'Online Shopping', '2024-10-02 04:34:33');
INSERT INTO transaction (id, account_id, amount, description, timestamp) VALUES (106, 14, 1058.88, 'Grocery Purchase', '2024-09-29 04:34:33');
INSERT INTO transaction (id, account_id, amount, description, timestamp) VALUES (107, 29, 808.24, 'Monthly Subscription', '2024-06-07 04:34:33');
INSERT INTO transaction (id, account_id, amount, description, timestamp) VALUES (108, 18, 1485.16, 'Online Shopping', '2024-11-08 04:34:33');
INSERT INTO transaction (id, account_id, amount, description, timestamp) VALUES (109, 27, 1289.55, 'Home Improvement', '2024-08-08 04:34:33');
INSERT INTO transaction (id, account_id, amount, description, timestamp) VALUES (110, 1, 85.27, 'Online Shopping', '2024-08-18 04:34:33');
INSERT INTO transaction (id, account_id, amount, description, timestamp) VALUES (111, 40, 1768.59, 'Clothing Store', '2024-10-13 04:34:33');
INSERT INTO transaction (id, account_id, amount, description, timestamp) VALUES (112, 2, 1028.04, 'Fuel', '2024-06-17 04:34:33');
INSERT INTO transaction (id, account_id, amount, description, timestamp) VALUES (113, 40, 734.01, 'Restaurant Payment', '2024-06-20 04:34:33');
INSERT INTO transaction (id, account_id, amount, description, timestamp) VALUES (114, 8, 817.88, 'Gym Membership', '2024-06-03 04:34:33');
INSERT INTO transaction (id, account_id, amount, description, timestamp) VALUES (115, 18, 191.56, 'Health Checkup', '2024-08-12 04:34:33');
INSERT INTO transaction (id, account_id, amount, description, timestamp) VALUES (116, 6, 1098.72, 'Monthly Subscription', '2024-06-18 04:34:33');
INSERT INTO transaction (id, account_id, amount, description, timestamp) VALUES (117, 10, 163.76, 'Electronics Purchase', '2024-08-27 04:34:33');
INSERT INTO transaction (id, account_id, amount, description, timestamp) VALUES (118, 16, 865.52, 'Online Shopping', '2024-06-24 04:34:33');
INSERT INTO transaction (id, account_id, amount, description, timestamp) VALUES (119, 35, 1702.07, 'Movie Tickets', '2024-10-24 04:34:33');
INSERT INTO transaction (id, account_id, amount, description, timestamp) VALUES (120, 3, 1526.91, 'Home Improvement', '2024-05-27 04:34:33');
INSERT INTO transaction (id, account_id, amount, description, timestamp) VALUES (121, 6, 53.08, 'Monthly Subscription', '2024-10-16 04:34:33');
INSERT INTO transaction (id, account_id, amount, description, timestamp) VALUES (122, 31, 289.97, 'Online Shopping', '2024-06-11 04:34:33');
INSERT INTO transaction (id, account_id, amount, description, timestamp) VALUES (123, 27, 1727.56, 'Home Improvement', '2024-11-14 04:34:33');
INSERT INTO transaction (id, account_id, amount, description, timestamp) VALUES (124, 1, 58.24, 'Utility Bill', '2024-06-27 04:34:33');
INSERT INTO transaction (id, account_id, amount, description, timestamp) VALUES (125, 19, 1586.84, 'Online Shopping', '2024-06-03 04:34:33');
INSERT INTO transaction (id, account_id, amount, description, timestamp) VALUES (126, 38, 766.85, 'Health Checkup', '2024-07-18 04:34:33');
INSERT INTO transaction (id, account_id, amount, description, timestamp) VALUES (127, 30, 1995.71, 'Grocery Purchase', '2024-06-01 04:34:33');
INSERT INTO transaction (id, account_id, amount, description, timestamp) VALUES (128, 15, 1064.77, 'Restaurant Payment', '2024-09-05 04:34:33');
INSERT INTO transaction (id, account_id, amount, description, timestamp) VALUES (129, 2, 1864.09, 'Restaurant Payment', '2024-07-09 04:34:33');
INSERT INTO transaction (id, account_id, amount, description, timestamp) VALUES (130, 39, 36.18, 'Health Checkup', '2024-05-28 04:34:33');
INSERT INTO transaction (id, account_id, amount, description, timestamp) VALUES (131, 15, 1899.57, 'Hotel Stay', '2024-10-05 04:34:33');
INSERT INTO transaction (id, account_id, amount, description, timestamp) VALUES (132, 12, 1133.89, 'Utility Bill', '2024-07-29 04:34:33');
INSERT INTO transaction (id, account_id, amount, description, timestamp) VALUES (133, 17, 1860.47, 'Online Shopping', '2024-10-24 04:34:33');
INSERT INTO transaction (id, account_id, amount, description, timestamp) VALUES (134, 15, 1646.53, 'Restaurant Payment', '2024-06-10 04:34:33');
INSERT INTO transaction (id, account_id, amount, description, timestamp) VALUES (135, 9, 1064.69, 'Hotel Stay', '2024-07-31 04:34:33');
INSERT INTO transaction (id, account_id, amount, description, timestamp) VALUES (136, 19, 313.4, 'Hotel Stay', '2024-06-18 04:34:33');
INSERT INTO transaction (id, account_id, amount, description, timestamp) VALUES (137, 39, 1725.0, 'Travel Booking', '2024-06-16 04:34:33');
INSERT INTO transaction (id, account_id, amount, description, timestamp) VALUES (138, 20, 395.32, 'Grocery Purchase', '2024-05-28 04:34:33');
INSERT INTO transaction (id, account_id, amount, description, timestamp) VALUES (139, 40, 569.47, 'Hotel Stay', '2024-10-19 04:34:33');
INSERT INTO transaction (id, account_id, amount, description, timestamp) VALUES (140, 39, 1203.48, 'Monthly Subscription', '2024-10-07 04:34:33');
INSERT INTO transaction (id, account_id, amount, description, timestamp) VALUES (141, 14, 1553.04, 'Fuel', '2024-07-22 04:34:33');
INSERT INTO transaction (id, account_id, amount, description, timestamp) VALUES (142, 30, 1853.31, 'Travel Booking', '2024-07-14 04:34:33');
INSERT INTO transaction (id, account_id, amount, description, timestamp) VALUES (143, 16, 424.98, 'Online Shopping', '2024-07-15 04:34:33');
INSERT INTO transaction (id, account_id, amount, description, timestamp) VALUES (144, 1, 700.14, 'Utility Bill', '2024-07-02 04:34:33');
INSERT INTO transaction (id, account_id, amount, description, timestamp) VALUES (145, 20, 1498.6, 'Education Expense', '2024-07-07 04:34:33');
INSERT INTO transaction (id, account_id, amount, description, timestamp) VALUES (146, 38, 227.96, 'Education Expense', '2024-10-01 04:34:33');
INSERT INTO transaction (id, account_id, amount, description, timestamp) VALUES (147, 8, 1038.84, 'Pharmacy', '2024-08-24 04:34:33');
INSERT INTO transaction (id, account_id, amount, description, timestamp) VALUES (148, 30, 821.31, 'Fuel', '2024-07-15 04:34:33');
INSERT INTO transaction (id, account_id, amount, description, timestamp) VALUES (149, 1, 1661.69, 'Health Checkup', '2024-07-22 04:34:33');
INSERT INTO transaction (id, account_id, amount, description, timestamp) VALUES (150, 29, 1237.83, 'Hotel Stay', '2024-09-21 04:34:33');
INSERT INTO transaction (id, account_id, amount, description, timestamp) VALUES (151, 22, 977.71, 'Pharmacy', '2024-06-09 04:34:33');
INSERT INTO transaction (id, account_id, amount, description, timestamp) VALUES (152, 16, 11.59, 'Grocery Purchase', '2024-09-03 04:34:33');
INSERT INTO transaction (id, account_id, amount, description, timestamp) VALUES (153, 26, 335.78, 'Home Improvement', '2024-09-12 04:34:33');
INSERT INTO transaction (id, account_id, amount, description, timestamp) VALUES (154, 35, 1290.65, 'Monthly Subscription', '2024-07-15 04:34:33');
INSERT INTO transaction (id, account_id, amount, description, timestamp) VALUES (155, 31, 894.47, 'Fuel', '2024-06-29 04:34:33');
INSERT INTO transaction (id, account_id, amount, description, timestamp) VALUES (156, 10, 178.98, 'Home Improvement', '2024-09-23 04:34:33');
INSERT INTO transaction (id, account_id, amount, description, timestamp) VALUES (157, 3, 1632.54, 'Movie Tickets', '2024-07-08 04:34:33');
INSERT INTO transaction (id, account_id, amount, description, timestamp) VALUES (158, 5, 1474.5, 'Electronics Purchase', '2024-06-02 04:34:33');
INSERT INTO transaction (id, account_id, amount, description, timestamp) VALUES (159, 37, 1606.58, 'Online Shopping', '2024-09-08 04:34:33');
INSERT INTO transaction (id, account_id, amount, description, timestamp) VALUES (160, 40, 1411.87, 'Movie Tickets', '2024-07-23 04:34:33');
INSERT INTO transaction (id, account_id, amount, description, timestamp) VALUES (161, 16, 1293.57, 'Online Shopping', '2024-11-01 04:34:33');
INSERT INTO transaction (id, account_id, amount, description, timestamp) VALUES (162, 15, 831.44, 'Fuel', '2024-08-23 04:34:33');
INSERT INTO transaction (id, account_id, amount, description, timestamp) VALUES (163, 5, 1737.59, 'Movie Tickets', '2024-11-12 04:34:33');
INSERT INTO transaction (id, account_id, amount, description, timestamp) VALUES (164, 12, 1926.53, 'Health Checkup', '2024-06-04 04:34:33');
INSERT INTO transaction (id, account_id, amount, description, timestamp) VALUES (165, 10, 878.02, 'Movie Tickets', '2024-09-13 04:34:33');
INSERT INTO transaction (id, account_id, amount, description, timestamp) VALUES (166, 27, 774.14, 'Gym Membership', '2024-11-17 04:34:33');
INSERT INTO transaction (id, account_id, amount, description, timestamp) VALUES (167, 11, 1273.33, 'Grocery Purchase', '2024-05-29 04:34:33');
INSERT INTO transaction (id, account_id, amount, description, timestamp) VALUES (168, 27, 987.8, 'Clothing Store', '2024-10-28 04:34:33');
INSERT INTO transaction (id, account_id, amount, description, timestamp) VALUES (169, 36, 107.43, 'Fuel', '2024-09-16 04:34:33');
INSERT INTO transaction (id, account_id, amount, description, timestamp) VALUES (170, 37, 513.86, 'Gym Membership', '2024-08-30 04:34:33');
INSERT INTO transaction (id, account_id, amount, description, timestamp) VALUES (171, 16, 1325.92, 'Pharmacy', '2024-10-10 04:34:33');
INSERT INTO transaction (id, account_id, amount, description, timestamp) VALUES (172, 3, 1579.74, 'Education Expense', '2024-08-31 04:34:33');
INSERT INTO transaction (id, account_id, amount, description, timestamp) VALUES (173, 27, 1801.08, 'Hotel Stay', '2024-09-09 04:34:33');
INSERT INTO transaction (id, account_id, amount, description, timestamp) VALUES (174, 32, 1870.19, 'Grocery Purchase', '2024-05-27 04:34:33');
INSERT INTO transaction (id, account_id, amount, description, timestamp) VALUES (175, 4, 15.7, 'Hotel Stay', '2024-10-02 04:34:33');
INSERT INTO transaction (id, account_id, amount, description, timestamp) VALUES (176, 3, 1756.31, 'Movie Tickets', '2024-08-21 04:34:33');
INSERT INTO transaction (id, account_id, amount, description, timestamp) VALUES (177, 15, 1729.01, 'Movie Tickets', '2024-07-03 04:34:33');
INSERT INTO transaction (id, account_id, amount, description, timestamp) VALUES (178, 15, 1384.43, 'Clothing Store', '2024-07-02 04:34:33');
INSERT INTO transaction (id, account_id, amount, description, timestamp) VALUES (179, 28, 951.91, 'Travel Booking', '2024-10-27 04:34:33');
INSERT INTO transaction (id, account_id, amount, description, timestamp) VALUES (180, 16, 1066.58, 'Clothing Store', '2024-07-04 04:34:33');
INSERT INTO transaction (id, account_id, amount, description, timestamp) VALUES (181, 17, 1773.26, 'Electronics Purchase', '2024-07-21 04:34:33');
INSERT INTO transaction (id, account_id, amount, description, timestamp) VALUES (182, 35, 1480.91, 'Health Checkup', '2024-09-22 04:34:33');
INSERT INTO transaction (id, account_id, amount, description, timestamp) VALUES (183, 12, 602.38, 'Movie Tickets', '2024-09-10 04:34:33');
INSERT INTO transaction (id, account_id, amount, description, timestamp) VALUES (184, 38, 1425.95, 'Health Checkup', '2024-08-03 04:34:33');
INSERT INTO transaction (id, account_id, amount, description, timestamp) VALUES (185, 15, 1366.63, 'Electronics Purchase', '2024-07-25 04:34:33');
INSERT INTO transaction (id, account_id, amount, description, timestamp) VALUES (186, 11, 1163.58, 'Clothing Store', '2024-08-31 04:34:33');
INSERT INTO transaction (id, account_id, amount, description, timestamp) VALUES (187, 33, 642.91, 'Home Improvement', '2024-08-07 04:34:33');
INSERT INTO transaction (id, account_id, amount, description, timestamp) VALUES (188, 14, 1420.97, 'Travel Booking', '2024-08-13 04:34:33');
INSERT INTO transaction (id, account_id, amount, description, timestamp) VALUES (189, 8, 1704.91, 'Health Checkup', '2024-05-26 04:34:33');
INSERT INTO transaction (id, account_id, amount, description, timestamp) VALUES (190, 23, 1936.14, 'Utility Bill', '2024-11-15 04:34:33');
INSERT INTO transaction (id, account_id, amount, description, timestamp) VALUES (191, 4, 1996.63, 'Utility Bill', '2024-06-24 04:34:33');
INSERT INTO transaction (id, account_id, amount, description, timestamp) VALUES (192, 38, 894.89, 'Pharmacy', '2024-07-23 04:34:33');
INSERT INTO transaction (id, account_id, amount, description, timestamp) VALUES (193, 38, 633.74, 'Health Checkup', '2024-08-12 04:34:33');
INSERT INTO transaction (id, account_id, amount, description, timestamp) VALUES (194, 2, 925.61, 'Movie Tickets', '2024-08-24 04:34:33');
INSERT INTO transaction (id, account_id, amount, description, timestamp) VALUES (195, 32, 1512.87, 'Online Shopping', '2024-06-08 04:34:33');
INSERT INTO transaction (id, account_id, amount, description, timestamp) VALUES (196, 40, 508.7, 'Grocery Purchase', '2024-06-28 04:34:33');
INSERT INTO transaction (id, account_id, amount, description, timestamp) VALUES (197, 40, 165.79, 'Education Expense', '2024-10-25 04:34:33');
INSERT INTO transaction (id, account_id, amount, description, timestamp) VALUES (198, 20, 1398.5, 'Restaurant Payment', '2024-10-03 04:34:33');
INSERT INTO transaction (id, account_id, amount, description, timestamp) VALUES (199, 20, 1661.61, 'Restaurant Payment', '2024-05-23 04:34:33');
INSERT INTO transaction (id, account_id, amount, description, timestamp) VALUES (200, 3, 1395.92, 'Home Improvement', '2024-07-21 04:34:33');
